INSERT [dbo].[DUAN] ([MaDA], [TenDA], [Diadiem], [PhQuanly]) VALUES (1, N'San pham X', N'Tan Binh', 5)
INSERT [dbo].[DUAN] ([MaDA], [TenDA], [Diadiem], [PhQuanly]) VALUES (2, N'San pham Y', N'Thu Duc', 5)
INSERT [dbo].[DUAN] ([MaDA], [TenDA], [Diadiem], [PhQuanly]) VALUES (3, N'San pham Z', N'Phu Nhuan', 5)
INSERT [dbo].[DUAN] ([MaDA], [TenDA], [Diadiem], [PhQuanly]) VALUES (10, N'Tin hoc hoa', N'Go Vap', 4)
INSERT [dbo].[DUAN] ([MaDA], [TenDA], [Diadiem], [PhQuanly]) VALUES (20, N'Tai to chuc', N'Phu Nhuan', 1)
INSERT [dbo].[DUAN] ([MaDA], [TenDA], [Diadiem], [PhQuanly]) VALUES (30, N'Phuc loi', N'Go Vap', 4)
INSERT [dbo].[NHANVIEN] ([MaNV], [Ho], [Dem], [Ten], [Diachi], [NgSinh], [GTinh], [Luong], [MaGSat], [MaPhong]) VALUES (N'123456789', N'Nguyen', N'Bao', N'Hung', N'73 Phan Dang Luu, Phu Nhuan, TpHCM', CAST(N'1965-09-01' AS Date), N'M', 30000, N'333445555', 5)
INSERT [dbo].[NHANVIEN] ([MaNV], [Ho], [Dem], [Ten], [Diachi], [NgSinh], [GTinh], [Luong], [MaGSat], [MaPhong]) VALUES (N'333445555', N'Phan', N'Van', N'Nghia', N'63 Tran Huy Lieu, Phu Nhuan, TpHCM', CAST(N'1955-08-12' AS Date), N'M', 40000, N'888665555', 5)
INSERT [dbo].[NHANVIEN] ([MaNV], [Ho], [Dem], [Ten], [Diachi], [NgSinh], [GTinh], [Luong], [MaGSat], [MaPhong]) VALUES (N'453453453', N'Hoang', N'Kim', N'Yen', N'56 Thich Quang Duc, Phu Nhuan, TpHCM', CAST(N'1972-07-31' AS Date), N'F', 25000, N'333445555', 5)
INSERT [dbo].[NHANVIEN] ([MaNV], [Ho], [Dem], [Ten], [Diachi], [NgSinh], [GTinh], [Luong], [MaGSat], [MaPhong]) VALUES (N'666884444', N'Tran', N'', N'Nam', N'97 Dien Bien Phu,', CAST(N'1962-09-15' AS Date), N'M', 38000, N'333445555', 5)
INSERT [dbo].[NHANVIEN] ([MaNV], [Ho], [Dem], [Ten], [Diachi], [NgSinh], [GTinh], [Luong], [MaGSat], [MaPhong]) VALUES (N'888665555', N'Le', N'Van', N'Bo', N'45 Ho Van Hue, Phu Nhuan, TpHCM', CAST(N'1937-10-11' AS Date), N'M', 55000, N'null     ', 1)
INSERT [dbo].[NHANVIEN] ([MaNV], [Ho], [Dem], [Ten], [Diachi], [NgSinh], [GTinh], [Luong], [MaGSat], [MaPhong]) VALUES (N'987654321', N'Du', N'Thi', N'Hau', N'29 Bach Dang, Tan Binh, TpHCM', CAST(N'1941-06-20' AS Date), N'F', 43000, N'888665555', 4)
INSERT [dbo].[NHANVIEN] ([MaNV], [Ho], [Dem], [Ten], [Diachi], [NgSinh], [GTinh], [Luong], [MaGSat], [MaPhong]) VALUES (N'987987987', N'Nguyen', N'Van', N'Giap', N'98 Huynh Van Banh, Phu Nhuan, TpHCM', CAST(N'1969-03-29' AS Date), N'M', 25000, N'987654321', 4)
INSERT [dbo].[NHANVIEN] ([MaNV], [Ho], [Dem], [Ten], [Diachi], [NgSinh], [GTinh], [Luong], [MaGSat], [MaPhong]) VALUES (N'999887777', N'Au', N'', N'Vuong', N'32 Cao Ba Nha, Q1, TpHCM', CAST(N'1968-01-19' AS Date), N'F', 25000, N'987654321', 4)
INSERT [dbo].[PHONGBAN] ([MaPB], [TenPB], [TrPhong], [NgNhanChuc]) VALUES (1, N'Giam doc', N'888665555', NULL)
INSERT [dbo].[PHONGBAN] ([MaPB], [TenPB], [TrPhong], [NgNhanChuc]) VALUES (4, N'Hanh chinh', N'987654321', CAST(N'1995-01-01' AS Date))
INSERT [dbo].[PHONGBAN] ([MaPB], [TenPB], [TrPhong], [NgNhanChuc]) VALUES (5, N'Nghien cuu', N'333445555', NULL)
INSERT [dbo].[THAMGIA] ([MaNV], [MaDA], [SoGio]) VALUES (N'123456789', 1, 32.5)
INSERT [dbo].[THAMGIA] ([MaNV], [MaDA], [SoGio]) VALUES (N'123456789', 2, 7.5)
INSERT [dbo].[THAMGIA] ([MaNV], [MaDA], [SoGio]) VALUES (N'333445555', 2, 10)
INSERT [dbo].[THAMGIA] ([MaNV], [MaDA], [SoGio]) VALUES (N'333445555', 3, 10)
INSERT [dbo].[THAMGIA] ([MaNV], [MaDA], [SoGio]) VALUES (N'333445555', 10, 10)
INSERT [dbo].[THAMGIA] ([MaNV], [MaDA], [SoGio]) VALUES (N'333445555', 20, 10)
INSERT [dbo].[THAMGIA] ([MaNV], [MaDA], [SoGio]) VALUES (N'453453453', 1, 20)
INSERT [dbo].[THAMGIA] ([MaNV], [MaDA], [SoGio]) VALUES (N'453453453', 2, 20)
INSERT [dbo].[THAMGIA] ([MaNV], [MaDA], [SoGio]) VALUES (N'666884444', 3, 40)
INSERT [dbo].[THAMGIA] ([MaNV], [MaDA], [SoGio]) VALUES (N'888665555', 20, NULL)
INSERT [dbo].[THAMGIA] ([MaNV], [MaDA], [SoGio]) VALUES (N'987654321', 20, 15)
INSERT [dbo].[THAMGIA] ([MaNV], [MaDA], [SoGio]) VALUES (N'987654321', 30, 20)
INSERT [dbo].[THAMGIA] ([MaNV], [MaDA], [SoGio]) VALUES (N'987987987', 10, 35)
INSERT [dbo].[THAMGIA] ([MaNV], [MaDA], [SoGio]) VALUES (N'987987987', 30, 5)
INSERT [dbo].[THAMGIA] ([MaNV], [MaDA], [SoGio]) VALUES (N'999887777', 10, 10)
INSERT [dbo].[THAMGIA] ([MaNV], [MaDA], [SoGio]) VALUES (N'999887777', 30, 30)
INSERT [dbo].[THANNHAN] ([MaNV], [TenTN], [GTINH], [NgSinh], [Quanhe]) VALUES (N'123456789', N'Anh', N'F', NULL, N'Con gai')
INSERT [dbo].[THANNHAN] ([MaNV], [TenTN], [GTINH], [NgSinh], [Quanhe]) VALUES (N'123456789', N'Minh', N'M', CAST(N'1988-04-01' AS Date), N'Con trai')
INSERT [dbo].[THANNHAN] ([MaNV], [TenTN], [GTINH], [NgSinh], [Quanhe]) VALUES (N'123456789', N'Yen', N'F', CAST(N'1967-05-05' AS Date), N'Vo')
INSERT [dbo].[THANNHAN] ([MaNV], [TenTN], [GTINH], [NgSinh], [Quanhe]) VALUES (N'333445555', N'Anh', N'F', CAST(N'1986-05-04' AS Date), N'Con gai')
INSERT [dbo].[THANNHAN] ([MaNV], [TenTN], [GTINH], [NgSinh], [Quanhe]) VALUES (N'333445555', N'Loi', N'F', CAST(N'1958-03-05' AS Date), N'Vo')
INSERT [dbo].[THANNHAN] ([MaNV], [TenTN], [GTINH], [NgSinh], [Quanhe]) VALUES (N'333445555', N'The', N'M', NULL, N'Con trai')
INSERT [dbo].[THANNHAN] ([MaNV], [TenTN], [GTINH], [NgSinh], [Quanhe]) VALUES (N'987654321', N'An', N'M', NULL, N'Chong')
INSERT [dbo].[TRUSO_PHONG] ([MaPhong], [Truso]) VALUES (1, N'Phu Nhuan')
INSERT [dbo].[TRUSO_PHONG] ([MaPhong], [Truso]) VALUES (4, N'Go Vap')
INSERT [dbo].[TRUSO_PHONG] ([MaPhong], [Truso]) VALUES (5, N'Phu Nhuan')
INSERT [dbo].[TRUSO_PHONG] ([MaPhong], [Truso]) VALUES (5, N'Tan Binh')
INSERT [dbo].[TRUSO_PHONG] ([MaPhong], [Truso]) VALUES (5, N'Thu Duc')